PuzzleId,Rating,PGN,Solution,FEN,Moves,principal_variation,solved_by_layer
00MTG,669,1. e4 e5 2. Nf3 Nc6 3. Bc4 Nf6 4. Nc3 Be7 5. O-O O-O 6. h3 h6 7. d4 exd4 8. Nxd4 Nxd4 9. Qxd4 d6 10. f4 Be6 11. Nd5 Nxd5 12. exd5 Bf5 13. g4 Bh7 14. Qd2 Qd7 15. Qg2 Rae8 16. a4 a6 17. Ra3 Bh4 18. b4 b5 19. axb5 axb5 20. Bd3 Bxd3 21. Rxd3 Re7 22. g5 hxg5 23. fxg5 Rfe8 24. Bd2 Re2 25. Qf3 Qe7 26. Qh5,Bf2+ Rxf2 Rxf2 Kxf2,4r1k1/2p1qpp1/3p4/1p1P2PQ/1P5b/3R3P/2PBr3/5RK1 b - - 6 26,h4f2 f1f2 e2f2 g1f2,"['f1f2', 'e2f2', 'g1f2']","{0: False, 1: True, 2: True, 3: True, 4: True, 5: True, 6: False, 7: False, 8: False, 9: False, 10: True, 11: True, 12: False, 13: True, 14: True, 15: True}"
00Msq,1932,1. e4 e5 2. Nf3 Nc6 3. Bc4 Bc5 4. c3 Bb6 5. O-O d6 6. b4 h6 7. a4 a5 8. b5 Nce7 9. d4 exd4 10. cxd4 Nf6 11. Re1 O-O 12. Bb2 Bg4 13. h3 Bh5 14. Nbd2 d5 15. exd5 Nexd5 16. Qb3 Bg6 17. Ne5 Kh7 18. Ba3 Re8 19. Nxg6 Rxe1+ 20. Rxe1 fxg6 21. Nf3 Nb4 22. Bxb4 axb4 23. Qxb4 Ba5 24. Qb1 Bxe1 25. Qxe1 Rxa4 26. Bb3 Ra8 27. Bc2 Qe8 28. Ne5 Qxb5 29. Bxg6+ Kg8 30. Bf7+,Kf8 Bc4 Qxc4 Nxc4,r5k1/1pp2Bp1/5n1p/1q2N3/3P4/7P/5PP1/4Q1K1 b - - 2 30,g8f8 f7c4 b5c4 e5c4,"['f7c4', 'b5c4', 'e5c4']","{0: False, 1: False, 2: False, 3: False, 4: False, 5: False, 6: False, 7: False, 8: False, 9: False, 10: False, 11: False, 12: False, 13: False, 14: True, 15: True}"
00Pbs,2106,1. d4 Nf6 2. Nf3 d5 3. g3 c5 4. Bg2 e6 5. c3 Nc6 6. O-O b6 7. h4 Bb7 8. Bf4 Bd6 9. Ne5 Bxe5 10. dxe5 Nd7 11. Qa4 O-O 12. e4 Ndxe5 13. exd5 exd5 14. Rd1 Qe7 15. Bxd5 Rad8 16. c4 Nd4 17. Nc3 Nef3+ 18. Kg2 b5 19. Qxa7 Nxh4+ 20. Kf1 Bxd5,Qxe7 Bg2+ Ke1 Nhf3#,3r1rk1/Q3qppp/8/1ppb4/2Pn1B1n/2N3P1/PP3P2/R2R1K2 w - - 0 21,a7e7 d5g2 f1e1 h4f3,"['d5g2', 'f1e1', 'h4f3']","{0: False, 1: False, 2: False, 3: False, 4: False, 5: False, 6: False, 7: False, 8: False, 9: False, 10: False, 11: False, 12: False, 13: False, 14: False, 15: True}"
00SIq,1880,1. e4 e6 2. Nf3 d5 3. exd5 exd5 4. Nc3 Nf6 5. d3 c6 6. d4 Bg4 7. h3 Bh5 8. Bg5 Be7 9. b4 O-O 10. Be2 Nbd7 11. a3 a5 12. b5 c5 13. dxc5 Nxc5 14. O-O Nce4 15. Bxf6 Nxf6 16. Ne5 Bxe2 17. Qxe2 d4 18. Ne4 Nxe4 19. Qxe4 Re8 20. Qxb7 Bd6 21. Nc6 Qf6 22. Rad1 Qe5 23. f4 Qe2 24. Nxd4 Qe3+ 25. Kh1 Bxf4 26. Nf3 Qxa3 27. c4 Qc5 28. Nd2 Bxd2 29. Rxd2 Qxc4,Rxf7 Qxf7 Qxf7+ Kxf7,r3r1k1/1Q3ppp/8/pP6/2q5/7P/3R2P1/5R1K w - - 0 30,f1f7 c4f7 b7f7 g8f7,"['c4f7', 'b7f7', 'g8f7']","{0: False, 1: False, 2: True, 3: True, 4: True, 5: True, 6: True, 7: True, 8: True, 9: True, 10: True, 11: True, 12: True, 13: True, 14: True, 15: True}"
00j6z,2225,1. e4 e5 2. Nf3 Nc6 3. Bc4 Nf6 4. Nc3 Bc5 5. d3 O-O 6. Bg5 h6 7. Bh4 g5 8. Bg3 d6 9. Qd2 Bg4 10. h4 Bxf3 11. gxf3 Nd4 12. hxg5 Nxf3+ 13. Ke2 Nxd2 14. Kxd2 hxg5 15. Rh3 Kg7 16. Rah1 g4 17. Rh4 Qe7 18. Nd5,Nxd5 Rxg4+ Qg5+ Rxg5+,r4r2/ppp1qpk1/3p1n2/2bNp3/2B1P1pR/3P2B1/PPPK1P2/7R b - - 3 18,f6d5 h4g4 e7g5 g4g5,"['h4g4', 'e7g5', 'g4g5']","{0: False, 1: False, 2: True, 3: True, 4: True, 5: True, 6: True, 7: True, 8: True, 9: True, 10: True, 11: True, 12: True, 13: True, 14: True, 15: True}"
00mnZ,1116,1. e4 c6 2. d4 d5 3. Nc3 dxe4 4. Nxe4 Nf6 5. Nxf6+ exf6 6. Nf3 Bd6 7. Bd3 O-O 8. O-O Bg4 9. c3 Nd7 10. h3 Bh5 11. Re1 Qc7 12. Be2 Rfe8 13. Nd2 Bxe2 14. Rxe2 f5 15. Nc4 Nf6 16. Bg5 Bh2+ 17. Kh1 Ne4 18. Bd2 Nxd2 19. Qxd2 Bf4 20. Rae1 Kf8 21. Qd3 g6 22. g3 Bg5 23. h4 Bf6 24. Kg2 Rxe2 25. Rxe2 Rd8 26. Qe3 h5 27. Ne5 Kg7 28. Nd3 b6 29. Qf4 Qd7 30. Ne5 Qd5+ 31. Qf3 Bxe5 32. Qxd5 Rxd5 33. Rxe5 Rxe5 34. dxe5 f6 35. f4,fxe5 fxe5 Kf7 Kf3 Ke6 Kf4,8/p5k1/1pp2pp1/4Pp1p/5P1P/2P3P1/PP4K1/8 b - - 0 35,f6e5 f4e5 g7f7 g2f3 f7e6 f3f4,"['f4e5', 'g7f7', 'g2f3', 'f7e6', 'f3f4']","{0: False, 1: False, 2: False, 3: False, 4: False, 5: False, 6: False, 7: False, 8: False, 9: False, 10: False, 11: False, 12: False, 13: True, 14: True, 15: True}"
01398,2425,1. d4 d5 2. e3 c6 3. f4 Nf6 4. Bd3 Bg4 5. Nf3 Ne4 6. O-O Nd7 7. Nbd2 e6 8. Nxe4 dxe4 9. Bxe4 Nf6 10. Bd3 Qd5 11. Bd2 Ne4 12. Be1 Be7 13. c4 Qh5 14. Bxe4 f5 15. Bd3 O-O-O 16. Qa4 Kb8 17. Ba5 Rc8 18. c5 h6 19. Rac1 g5 20. Rc3 gxf4 21. exf4 Rhg8 22. Ne5 Bh3 23. Rf2 Qh4 24. Rcc2 h5 25. Qb3 Rg3 26. Ba6 Rxb3 27. axb3,bxa6 g3 Rg8 Kh1 Qg4 Nxg4,1kr5/pp2b3/B1p1p3/B1P1Np1p/3P1P1q/1P5b/1PR2RPP/6K1 b - - 0 27,b7a6 g2g3 c8g8 g1h1 h4g4 e5g4,"['g2g3', 'c8g8', 'g1h1', 'h4g4', 'e5g4']","{0: False, 1: False, 2: False, 3: False, 4: False, 5: False, 6: False, 7: False, 8: False, 9: False, 10: False, 11: False, 12: False, 13: False, 14: True, 15: True}"
01E12,2166,1. d4 g6 2. Bf4 Bg7 3. e3 d5 4. Nf3 Nh6 5. Bd3 Bf5 6. Bxh6 Bxh6 7. Bxf5 gxf5 8. Nbd2 e6 9. Ne5 Nd7 10. Ndf3 f6 11. Nxd7 Qxd7 12. Nd2 O-O-O 13. Qe2 f4 14. O-O-O fxe3 15. fxe3 f5 16. Nf3 Qa4 17. Kb1 Rd6 18. Ne5 Rf8 19. Rde1 Ra6 20. a3 Rb6 21. Ka1 Bg7 22. Nd3 a6 23. Rhf1 Re8 24. Qh5 Re7 25. Qxh7,Bxd4 Qxe7 Bxb2+ Nxb2,2k5/1pp1r1bQ/pr2p3/3p1p2/q2P4/P2NP3/1PP3PP/K3RR2 b - - 0 25,g7d4 h7e7 d4b2 d3b2,"['h7e7', 'd4b2', 'd3b2']","{0: False, 1: False, 2: False, 3: True, 4: True, 5: True, 6: True, 7: True, 8: True, 9: True, 10: True, 11: True, 12: True, 13: True, 14: True, 15: True}"
01F7L,827,1. e4 e5 2. Nf3 Nf6 3. Nxe5 Nc6 4. Nxc6 dxc6 5. e5 Ne4 6. d4 c5 7. Bd3 Bf5 8. f3 Qh4+,Ke2 Qf2#,r3kb1r/ppp2ppp/8/2p1Pb2/3Pn2q/3B1P2/PPP3PP/RNBQK2R w KQkq - 1 9,e1e2 h4f2,['h4f2'],"{0: False, 1: False, 2: False, 3: False, 4: False, 5: False, 6: True, 7: False, 8: True, 9: True, 10: True, 11: True, 12: True, 13: True, 14: True, 15: True}"
01TCa,2468,1. e4 c6 2. d4 d5 3. Nc3 dxe4 4. Nxe4 Nf6 5. Nxf6+ exf6 6. Qe2+ Be7 7. Be3 O-O 8. O-O-O Re8 9. Qh5 Bf8 10. Bd3 g6 11. Qf3 Bg7 12. Nh3 Bxh3 13. Qxh3 Nd7 14. Bh6 Nb6 15. Bxg7 Kxg7 16. c3 Qd7 17. Qxd7 Nxd7 18. Rhe1 Nb6 19. Re2 Rxe2 20. Bxe2 Re8 21. Re1 Nd5 22. Kd2 Nf4 23. Bf3 Rxe1 24. Kxe1 Kf8 25. g3 Ne6 26. d5 cxd5 27. Bxd5 b6 28. b4 Ke7 29. Kd2 Kd6 30. Bb3 Nc7 31. Bxf7 g5 32. Bg8 h6 33. a4 Ke5 34. Kd3 Ne8 35. f3 Nd6 36. Bc4 f5 37. Bb3 f4 38. g4 Nb7 39. c4 Nd6 40. c5 bxc5 41. bxc5 Nb7 42. c6 Nd6 43. c7 Nc8 44. Bc4 Kd6 45. Ke4 Kxc7,Kf5 Nd6+ Kg6 Nxc4 Kxh6 Kd6 Kxg5 Ke5,2n5/p1k5/7p/6p1/P1B1KpP1/5P2/7P/8 w - - 0 46,e4f5 c8d6 f5g6 d6c4 g6h6 c7d6 h6g5 d6e5,"['c8d6', 'f5g6', 'd6c4', 'g6h6', 'c7d6', 'h6g5', 'd6e5']","{0: False, 1: False, 2: False, 3: False, 4: False, 5: False, 6: False, 7: False, 8: False, 9: False, 10: False, 11: False, 12: False, 13: False, 14: False, 15: False}"
02HQm,612,1. e4 c6 2. d4 d5 3. Nc3 e6 4. h4 f5 5. exf5 exf5 6. Nf3 Nf6 7. Bd3 Be7 8. Bf4 O-O 9. O-O Ne4 10. h5 Nd7 11. h6 g6 12. Ne5 Nxe5 13. Bxe5 Bd6 14. Qc1 Nxc3 15. bxc3 Bxe5 16. dxe5 Qe7 17. Qf4 Be6 18. Rae1 Rfd8 19. c4 d4 20. Rb1 c5 21. Qg3 b6 22. f4 Bc8 23. Rbe1 Bb7 24. Bxf5 Rf8 25. Be4 Bxe4 26. Rxe4 Qe6 27. f5 Rxf5 28. Rxf5 Qxf5 29. Rf4 Qe6 30. Qf3 Re8 31. Qb7 Qe7 32. Qd5+ Qe6 33. Qb7 Qe7 34. Qc6 Qxe5 35. g3 Qe1+ 36. Kg2 Re2+ 37. Kh3 Qh1+ 38. Qxh1 Re5 39. Qf3 Re8 40. Qd5+ Kh8 41. Qe5+,Rxe5 Rf8#,4r2k/p6p/1p4pP/2p1Q3/2Pp1R2/6PK/P1P5/8 b - - 6 41,e8e5 f4f8,['f4f8'],"{0: False, 1: False, 2: False, 3: False, 4: True, 5: False, 6: True, 7: True, 8: True, 9: True, 10: True, 11: True, 12: True, 13: True, 14: True, 15: True}"
036Ir,1064,1. d4 e5 2. c4 exd4 3. Qxd4 Nf6 4. Bg5 Nc6 5. Qd2 Be7 6. Nc3 O-O 7. O-O-O d6 8. Nf3 Bf5 9. e3 a6 10. Bd3 Bg4 11. h3 Bxf3 12. gxf3 Nd7 13. Bf4 Nde5 14. Be2 Qd7 15. Rdg1 Kh8 16. Nd5 Bh4 17. Rg2 Qf5 18. e4 Qd7 19. Rhg1 g6 20. Bg5 Bxg5 21. Qxg5 f6 22. Nxf6 Rxf6 23. Qxf6+ Qg7 24. Qxg7+ Kxg7 25. f4 Nf7 26. f5 Nd4 27. Bd3 c5 28. fxg6 Ne5 29. Rg5 Nxd3+ 30. Kd2 Nf4 31. gxh7+ Kxh7 32. Rg7+ Kh6 33. Rxb7 Re8 34. Rg4 Rf8 35. Rd7 d5 36. cxd5 Ng6 37. Rd6 Rg8 38. f4 Kh5 39. Rg5+ Kh6 40. h4 Nf3+ 41. Ke3 Nxg5 42. hxg5+ Kh5 43. f5 Ne5 44. Kf4 Nd3+ 45. Ke3 Nxb2,g6 Nc4+ Kf4 Nxd6,6r1/8/p2R4/2pP1PPk/4P3/4K3/Pn6/8 w - - 0 46,g5g6 b2c4 e3f4 c4d6,"['b2c4', 'e3f4', 'c4d6']","{0: False, 1: False, 2: False, 3: False, 4: False, 5: False, 6: True, 7: False, 8: False, 9: False, 10: True, 11: True, 12: True, 13: True, 14: True, 15: True}"
037Iw,1933,1. e4 e5 2. d4 exd4 3. Qxd4 Nc6 4. Qe3 b6 5. Nc3 Bc5 6. Qg3 Nf6 7. Bd2 d5 8. exd5 Nxd5 9. O-O-O Be6 10. Qxg7 Bd4 11. Qg3 Be5 12. f4 Bf6 13. Bb5 Qd7 14. Nf3 O-O-O 15. Rhe1 Rhg8 16. Qf2 Kb7 17. Ne5 Bxe5 18. fxe5 a6 19. Bd3 Ncb4 20. Bxh7 Nxc3 21. Bxc3 Nxa2+,Kb1 Qxd1+ Rxd1 Rxd1#,3r2r1/1kpq1p1B/pp2b3/4P3/8/2B5/nPP2QPP/2KRR3 w - - 0 22,c1b1 d7d1 e1d1 d8d1,"['d7d1', 'e1d1', 'd8d1']","{0: False, 1: True, 2: True, 3: True, 4: False, 5: False, 6: False, 7: False, 8: False, 9: False, 10: False, 11: True, 12: True, 13: True, 14: True, 15: True}"
03EVA,1877,1. e4 c6 2. d4 d5 3. exd5 cxd5 4. c4 Nf6 5. Nc3 Nc6 6. Bg5 dxc4 7. Bxc4 e6 8. Nf3 Be7 9. O-O O-O 10. Re1 a6 11. a4 h6 12. Bf4 Bd6 13. Ne5 Ne7 14. Qf3 Nf5 15. Rad1 Bb4 16. g4 Nh4 17. Qg3 Ng6 18. Nxg6 fxg6 19. Bxe6+ Bxe6 20. Rxe6 Bxc3 21. bxc3 Qd7 22. Rde1 Rae8 23. Rxe8 Nxe8 24. Be5 b5 25. axb5 axb5 26. h3 Nf6 27. Qd3 Nd5 28. Qxg6 Nxc3 29. Re3 Nd5 30. Rb3 b4,Kg2 Nf4+ Bxf4 Qd5+ Kh2 Qxb3,5rk1/3q2p1/6Qp/3nB3/1p1P2P1/1R5P/5P2/6K1 w - - 0 31,g1g2 d5f4 e5f4 d7d5 g2h2 d5b3,"['d5f4', 'e5f4', 'd7d5', 'g2h2', 'd5b3']","{0: False, 1: False, 2: False, 3: False, 4: False, 5: False, 6: False, 7: False, 8: False, 9: False, 10: False, 11: False, 12: False, 13: False, 14: False, 15: True}"
03P7w,687,1. e4 d5 2. exd5 Qxd5 3. Nc3 Qa5 4. d3 c5 5. Bd2 Qd8 6. Nf3 Nc6 7. Be3 e5 8. Be2 Nf6 9. O-O Be7 10. h3 Be6 11. a3 O-O 12. Re1 a5 13. Na4 Nd7 14. Qd2 b5 15. Nc3 Nd4 16. Nxd4 cxd4 17. Bxd4 exd4 18. Nxb5 Qb6 19. a4 Bb4 20. c3 dxc3 21. bxc3 Bc5 22. Bf3 Rac8 23. d4 Bd6 24. d5 Bf5 25. Be4 Bxe4 26. Rxe4 Rfe8 27. Rae1 Rxe4 28. Rxe4 Nc5 29. Re1 Nxa4 30. Nxd6 Qxd6 31. Rc1 Qf6 32. c4 Nc5 33. Rb1 a4 34. f3 Ra8 35. Qb4 Qd6 36. Qa3 Qc7 37. Rb5 Rc8 38. Qb4 Nd3 39. Qxa4 Qxc4 40. Qxc4,Rxc4 Rb8+ Rc8 Rxc8#,2r3k1/5ppp/8/1R1P4/2Q5/3n1P1P/6P1/6K1 b - - 0 40,c8c4 b5b8 c4c8 b8c8,"['b5b8', 'c4c8', 'b8c8']","{0: False, 1: False, 2: False, 3: False, 4: False, 5: False, 6: False, 7: False, 8: False, 9: False, 10: False, 11: False, 12: False, 13: False, 14: False, 15: True}"
03PNb,866,1. Nf3 d5 2. g3 c5 3. Bg2 Nc6 4. O-O e5 5. d3 Nf6 6. Nbd2 Bd6 7. c4 d4 8. Rb1 a5 9. b3 O-O 10. a3 h6 11. Ne4 Nxe4 12. dxe4 f5 13. Nd2 f4 14. Nf3 fxg3 15. hxg3 Bg4 16. Bd2 Ra6 17. Qc2 h5 18. Qd3 Be7 19. Rfe1 h4 20. Nxh4 Bxh4 21. gxh4 Qxh4 22. Qg3 Qxg3 23. fxg3 Rb6 24. Bg5 Kh7 25. Rf1 Rxf1+ 26. Bxf1 Kg6 27. Bd2 Kf6 28. Kf2 a4 29. b4 cxb4 30. axb4 Na5 31. c5 Nc4 32. cxb6 Nxd2 33. Ra1 Nxe4+ 34. Ke1 Nc3 35. Kd2 e4 36. e3 Ke5 37. Ba6 Bc8 38. Bc4 Bd7 39. Bf1 Nd5 40. Ba6 dxe3+ 41. Ke1 Bc6 42. b5 bxa6 43. bxc6 Nxb6 44. Rb1 Nd5 45. Ra1 Kd6 46. Rxa4 Kxc6 47. Rxa6+ Kc5 48. Ra4 Nc3 49. Ra7 g5 50. Rg7 Kd4 51. Rxg5 e2 52. Rg8 Ke3 53. Rb8 Nd5 54. Rb3+ Kd4 55. Kxe2 Ke5 56. Rb5 Kd4,g4 Nc3+ Ke1 Nxb5,8/8/8/1R1n4/3kp3/6P1/4K3/8 w - - 3 57,g3g4 d5c3 e2e1 c3b5,"['d5c3', 'e2e1', 'c3b5']","{0: False, 1: False, 2: False, 3: False, 4: False, 5: True, 6: True, 7: True, 8: True, 9: True, 10: True, 11: True, 12: True, 13: True, 14: True, 15: True}"
03XCu,2446,1. e4 b6 2. d3 Bb7 3. a3 e6 4. h3 Be7 5. Nf3 Nf6 6. Nc3 O-O 7. g4 h6 8. Bg2 d6 9. b4 Nbd7 10. Bb2 c5 11. b5 d5 12. exd5 exd5 13. a4 d4 14. Ne2 Bd6 15. Bc1 Ne5 16. Ng3 Nxf3+ 17. Bxf3 Re8+ 18. Kf1 Bxf3 19. Qxf3 Bxg3 20. Qxg3 Qd5 21. Rh2 Re6 22. Bf4 Rae8 23. Bd2 Nh7 24. Re1 Rxe1+ 25. Bxe1 Ng5 26. f4 Nf3 27. Re2 Rxe2 28. Kxe2 Nxe1 29. Kxe1 Qh1+ 30. Kd2 Qa1 31. g5 hxg5 32. fxg5 Qxa4 33. h4 Qxb5 34. h5 Qd7 35. Qb8+ Kh7 36. Qf4 a5 37. Qe4+ Kg8 38. g6 fxg6 39. hxg6 Kf8 40. Qf4+ Ke7 41. Qe5+ Qe6 42. Qxg7+ Kd6 43. Qf8+ Kd5 44. g7 Qe3+ 45. Kd1 Qg1+ 46. Ke2 Qe3+ 47. Kf1 Qc1+ 48. Kg2 Qxc2+ 49. Qf2 Qxd3 50. g8=Q+ Kc6 51. Qf6+ Kb5 52. Qe8+ Kb4 53. Qe1+ Qc3 54. Qb1+ Ka4 55. Qc6+ Ka3 56. Qd5 Qb2+ 57. Qxb2+ Kxb2 58. Kf2 a4 59. Qc4 a3 60. Ke2 a2 61. Qb5+ Kc3 62. Qa4 Kb2 63. Qb5+ Kc3 64. Qd3+ Kb2 65. Qd2+ Kb3 66. Qc1 b5 67. Kd2 c4 68. Qc2+ Ka3 69. Qc1+ Kb3 70. Qa1 c3+,Kc1 b4 Kd1 Ka3 Qc1+ Ka4 Ke2 b3 Qg1 Ka3 Qxd4 a1=Q Qa7+ Kb2,8/8/8/1p6/3p4/1kp5/p2K4/Q7 w - - 0 71,d2c1 b5b4 c1d1 b3a3 a1c1 a3a4 d1e2 b4b3 c1g1 a4a3 g1d4 a2a1q d4a7 a3b2,"['b5b4', 'c1d1', 'b3a3', 'a1c1', 'a3a4', 'd1e2', 'b4b3', 'c1g1', 'a4a3', 'g1d4', 'a2a1q', 'd4a7', 'a3b2']","{0: False, 1: False, 2: False, 3: False, 4: False, 5: False, 6: False, 7: False, 8: False, 9: False, 10: False, 11: False, 12: False, 13: False, 14: False, 15: False}"
03cY6,1662,1. e4 e5 2. Nf3 Nc6 3. d4 exd4 4. Nxd4 Nxd4 5. Qxd4 d6 6. Nc3 Nf6 7. Bc4 Be7 8. O-O O-O 9. b3 Be6 10. Bxe6 fxe6 11. e5 dxe5 12. Qxe5 Qd7 13. Bb2 Ng4 14. Qe4 Nf6 15. Qxb7 Bd6 16. h3 Rfb8 17. Qf3 Rf8 18. Qe2 Qc6 19. Qxe6+ Kh8,Ne2 Bh2+ Kxh2 Qxe6,r4r1k/p1p3pp/2qbQn2/8/8/1PN4P/PBP2PP1/R4RK1 w - - 1 20,c3e2 d6h2 g1h2 c6e6,"['d6h2', 'g1h2', 'c6e6']","{0: False, 1: False, 2: False, 3: False, 4: False, 5: False, 6: False, 7: False, 8: False, 9: False, 10: False, 11: False, 12: False, 13: False, 14: False, 15: True}"
043WP,709,1. e4 c5 2. Nf3 d6 3. d4 cxd4 4. Nxd4 Nf6 5. Bd3 a6 6. Ne2 e5 7. O-O Be7 8. Nbc3 Nbd7 9. f4 b5 10. a3 Bb7 11. f5 Rc8 12. Ng3 Rxc3 13. bxc3 O-O 14. Qe2 Nc5 15. Bb2 Na4 16. Rab1 Qc7 17. c4 Nxb2 18. Rxb2 Qc5+ 19. Kh1 Qxa3 20. Rb3 Qc5 21. cxb5 a5 22. Ra1 Bd8 23. Rbb1 Bb6 24. Nh5 Nxh5 25. Qxh5 f6 26. Qe2 Rc8 27. h3 Qd4 28. Rd1 Rc3 29. Kh2 a4 30. Ra2 a3 31. Rda1 Bc5 32. Rb1 d5 33. Re1 h5 34. Raa1 h4 35. Qg4 Qf2 36. Re2 Qd4 37. Ree1 Rxd3 38. cxd3 Qxd3 39. exd5 Qxd5 40. Red1 Bd4 41. Rxa3 Qxb5 42. Rxd4 exd4 43. Qxd4 Qxf5 44. Qxh4 Qd5 45. Qg3 Bc6 46. Rd3 Qe4 47. Re3 Qd5 48. h4 f5 49. Re7 Qd4 50. Rc7 Be4 51. Re7 Qb2 52. h5 f4 53. Qg4 f3,Qxe4 Qxg2#,6k1/4R1p1/8/7P/4b1Q1/5p2/1q4PK/8 w - - 0 54,g4e4 b2g2,['b2g2'],"{0: False, 1: False, 2: True, 3: True, 4: False, 5: False, 6: False, 7: True, 8: True, 9: True, 10: True, 11: True, 12: True, 13: True, 14: True, 15: True}"
04k4Q,915,1. d4 d5 2. Nf3 Nf6 3. c4 c6 4. Nc3 Bf5 5. cxd5 Nxd5 6. Qb3 Nxc3 7. bxc3 Qb6 8. g3 Qxb3 9. axb3 a6 10. Bg2 e6 11. Ne5 Nd7 12. Nc4 Be7 13. O-O O-O 14. e4 Bg6 15. Bf4 Rfd8 16. Na5 Ra7 17. Rfd1 Nf6 18. f3 Rc8 19. c4 b6 20. c5 bxa5 21. Rxa5 Bd8 22. Ra4 a5 23. b4 Bc7 24. Rda1 Bxf4 25. gxf4 Nh5 26. Rxa5 Rxa5 27. bxa5 Nxf4 28. Bf1 f6 29. a6 Ra8 30. Rb1 Be8 31. Rb7 e5 32. Bc4+ Kf8 33. d5 cxd5 34. exd5 Nxd5 35. Bxd5 Rxa6 36. Rc7 Ra5 37. Kf2 h6 38. Kg3 g6 39. h4 g5 40. Kg4 h5+ 41. Kf5 gxh4 42. Kxf6 h3 43. Kxe5 h2 44. f4 Ra1 45. c6 h1=Q 46. Bxh1 Rxh1 47. Rc8 Re1+ 48. Kf6 Rc1 49. c7 Rc6+ 50. Kg5 Ke7 51. f5,Kd7 Rd8+ Kxc7 Rxe8,2R1b3/2P1k3/2r5/5PKp/8/8/8/8 b - - 0 51,e7d7 c8d8 d7c7 d8e8,"['c8d8', 'd7c7', 'd8e8']","{0: False, 1: False, 2: False, 3: True, 4: True, 5: False, 6: False, 7: False, 8: False, 9: False, 10: False, 11: False, 12: False, 13: True, 14: True, 15: True}"
054Pk,880,1. e4 e5 2. Bc4 Nf6 3. d3 Bc5 4. c3 d5 5. exd5 Nxd5 6. Qf3 c6 7. Be3 Bxe3 8. fxe3 Be6 9. Nd2 O-O 10. O-O-O Nb6 11. Bb3 Qxd3 12. Ne4 Qb5 13. Bxe6 fxe6 14. Qg4 Nc4 15. Qxe6+ Kh8 16. b3 Nxe3 17. Nd6 Qa5 18. Nf7+ Kg8 19. Nh6+ Kh8 20. Qg8+,Rxg8 Nf7#,rn3rQk/pp4pp/2p4N/q3p3/8/1PP1n3/P5PP/2KR2NR b - - 7 20,f8g8 h6f7,['h6f7'],"{0: True, 1: False, 2: False, 3: False, 4: False, 5: False, 6: True, 7: True, 8: True, 9: True, 10: True, 11: True, 12: True, 13: True, 14: True, 15: True}"
05J0M,1562,1. e4 e5 2. Nf3 Nc6 3. Bc4 Bc5 4. O-O h6 5. Re1 d6 6. h3 Nf6 7. d3 g5 8. Nxg5 hxg5 9. Bxg5 Rg8 10. Bh4 Bxh3 11. Kh2 Qd7 12. Bxf6 Bxg2 13. Qh5 Bxf2 14. Re2,Nd4 Rxf2 Nf3+ Rxf3 Bxf3 Qxf3,r3k1r1/pppq1p2/2np1B2/4p2Q/2B1P3/3P4/PPP1RbbK/RN6 b q - 1 14,c6d4 e2f2 d4f3 f2f3 g2f3 h5f3,"['e2f2', 'd4f3', 'f2f3', 'g2f3', 'h5f3']","{0: False, 1: False, 2: False, 3: False, 4: False, 5: False, 6: False, 7: False, 8: False, 9: False, 10: False, 11: False, 12: False, 13: True, 14: True, 15: True}"
05XxH,854,1. Nf3 d5 2. e3 Nc6 3. d4 Bg4 4. c4 e5 5. cxd5 Qxd5 6. Nc3 Bb4 7. Be2 e4 8. Nd2 Bxc3 9. Bxg4 Ba5 10. O-O Nf6 11. Be2 O-O 12. f3 exf3 13. Bxf3 Qe6 14. Nb3 Bb6 15. Kh1 Qe7 16. Bxc6 bxc6 17. Qf3 c5 18. Qc6 Qd6 19. Qb5 Ng4,dxc5 Qxh2#,r4rk1/p1p2ppp/1b1q4/1Qp5/3P2n1/1N2P3/PP4PP/R1B2R1K w - - 4 20,d4c5 d6h2,['d6h2'],"{0: False, 1: False, 2: False, 3: False, 4: False, 5: False, 6: False, 7: False, 8: True, 9: True, 10: True, 11: True, 12: True, 13: True, 14: True, 15: True}"
05cMs,1890,1. d4 e6 2. c4 d5 3. Nc3 Nf6 4. Nf3 c5 5. e3 Nc6 6. a3 cxd4 7. exd4 dxc4 8. Bxc4 a6 9. O-O b5 10. Be2 Be7 11. Bg5 Nd5 12. Nxd5 Qxd5 13. Bxe7 Kxe7 14. Rc1 Rd8 15. Rc5 Qd6 16. Qd2 Nxd4 17. Qg5+ Kf8 18. Nxd4 Qxd4 19. Rc3 Bb7 20. Rd3 Qf6 21. Qxf6 gxf6 22. Rfd1 Rxd3 23. Rxd3 Be4 24. Rd2 Ke7 25. f3 Bd5 26. Kf2 Rd8 27. h4 Bb3 28. Rxd8 Kxd8 29. h5 h6 30. g4 Kc7 31. Ke3 Kd6 32. Kd4 e5+ 33. Kc3 Bd5 34. b4 e4 35. fxe4 Bxe4 36. Kd4,f5 g5 Ke7 gxh6,8/5p2/p2k1p1p/1p5P/1P1Kb1P1/P7/4B3/8 b - - 1 36,f6f5 g4g5 d6e7 g5h6,"['g4g5', 'd6e7', 'g5h6']","{0: False, 1: False, 2: False, 3: False, 4: True, 5: False, 6: True, 7: True, 8: True, 9: True, 10: True, 11: True, 12: True, 13: True, 14: True, 15: False}"
05nzJ,1869,1. e4 e6 2. d4 d5 3. e5 c5 4. c3 cxd4 5. cxd4 Nc6 6. Nf3 Qb6 7. Bd3 Bd7 8. Bc2 Nb4 9. Nc3 Nxc2+ 10. Qxc2 Rc8 11. O-O Bb4 12. Bd2 Bb5 13. Rfc1 Ne7 14. a3 Bxc3 15. Bxc3 Nf5 16. Qd2 O-O 17. g4 Ne7 18. Bb4 Rfe8 19. Rxc8 Nxc8 20. Rc1 Bc6 21. Bc5 Qd8 22. Kg2 a6 23. Bb4 f6 24. h3 f5 25. gxf5 exf5 26. Qf4 g6 27. Rg1 Nb6 28. b3 Nd7 29. Ng5 h6 30. Nf3 a5 31. Bd6 Nf8 32. Qxh6 Re6 33. Ng5 Rxd6 34. exd6 Qxd6 35. a4 b5 36. axb5 Bxb5 37. Nf3 Qb4 38. Qe3 Bd7 39. Ne5 Qe7 40. Kh1 Be8 41. Qf3 Qe6 42. h4 Nd7 43. Re1 Qb6 44. Qe3 Nxe5 45. Qxe5 Bf7 46. Qe3 Qf6 47. Qf4 Kg7 48. Kg2 Qb6 49. Re3 Qf6 50. Rg3 Kh7 51. Rc3 Qb6 52. Qe3 Qf6 53. Kg3 Qd6+ 54. Qe5 Qb4 55. Re3 Kg8 56. Qe7 Qxd4 57. Qd8+ Kg7,Qxa5 f4+ Kf3 fxe3,3Q4/5bk1/6p1/p2p1p2/3q3P/1P2R1K1/5P2/8 w - - 2 58,d8a5 f5f4 g3f3 f4e3,"['f5f4', 'g3f3', 'f4e3']","{0: False, 1: False, 2: False, 3: False, 4: True, 5: False, 6: True, 7: True, 8: True, 9: True, 10: True, 11: True, 12: True, 13: True, 14: True, 15: True}"
05y4s,1132,1. d4 Nf6 2. Bf4 g6 3. Nf3 Bg7 4. e3 O-O 5. Bd3 d6 6. O-O Nbd7 7. Nbd2 e5 8. dxe5 dxe5 9. Nxe5 Nd5 10. Nxd7 Qxd7 11. c3 Nxf4 12. Bc2 Nxg2 13. Kxg2 Qh3+ 14. Kh1 Be5 15. Nf3 Bg4 16. Nxe5 Bxd1 17. Raxd1 Rfe8 18. Nd7 Rad8 19. Nf6+ Kg7 20. Nxe8+ Rxe8 21. Rg1 Qf3+ 22. Rg2 Qe2 23. Bb3 Qxb2 24. Rd7 Qb1+ 25. Rg1 Qe4+ 26. Rg2 Re7 27. Rxe7 Qxe7 28. h3 Qe4 29. Kh2 Qe5+ 30. Rg3 Qxc3 31. Rf3 Qe5+ 32. Kg2 f5 33. Rf4 b6 34. Rd4 Kf6 35. Rd7,h5 Rf7+ Kg5 f4+ Qxf4 exf4+,8/p1pR3p/1p3kp1/4qp2/8/1B2P2P/P4PK1/8 b - - 3 35,h7h5 d7f7 f6g5 f2f4 e5f4 e3f4,"['d7f7', 'f6g5', 'f2f4', 'e5f4', 'e3f4']","{0: False, 1: False, 2: False, 3: False, 4: False, 5: False, 6: False, 7: False, 8: False, 9: False, 10: False, 11: False, 12: False, 13: False, 14: False, 15: True}"
05ya7,1412,1. e4 c6 2. Bc4 d5 3. exd5 cxd5 4. Bb3 Nc6 5. Nf3 Nf6 6. O-O Bg4 7. Nc3 e6 8. d3 Be7 9. Bg5 h6 10. Bxf6 Bxf6 11. h3 Bh5 12. Re1 O-O 13. Qd2 d4 14. Ne4 Be7 15. Qf4 Bg6 16. a3 Re8 17. Ne5 Nxe5 18. Qxe5 Qb6 19. Qg3 f5 20. Nd2 Bf7 21. f3 Bd6 22. Qf2 e5 23. Nc4 Bxc4 24. Bxc4+ Kf8 25. Bb3 g5 26. h4 Kg7 27. hxg5 hxg5 28. g4 f4 29. Qe2 Qc7 30. Qe4 Rh8 31. Kf2 Rh2+ 32. Kg1 Rh6,Re2 Rah8 Rg2 Rh1+ Kf2 Rxa1,r7/ppq3k1/3b3r/4p1p1/3pQpP1/PB1P1P2/1PP5/R3R1K1 w - - 8 33,e1e2 a8h8 e2g2 h6h1 g1f2 h1a1,"['a8h8', 'e2g2', 'h6h1', 'g1f2', 'h1a1']","{0: False, 1: False, 2: False, 3: False, 4: False, 5: False, 6: False, 7: False, 8: False, 9: False, 10: False, 11: False, 12: True, 13: True, 14: True, 15: True}"
065V8,888,1. d4 c5 2. d5 d6 3. e4 e5 4. c4 f5 5. f3 f4 6. Nc3 Qh4+ 7. Kd2 a6 8. Qe2 Bd7 9. b3 b5 10. Qe1 Qd8 11. Bb2 b4 12. Nce2 Nf6 13. g4 g5 14. h4 gxh4 15. Qxh4 Be7 16. Qf2 Bxg4,fxg4 Nxe4+ Kc2 Nxf2,rn1qk2r/4b2p/p2p1n2/2pPp3/1pP1Ppb1/1P3P2/PB1KNQ2/R4BNR w kq - 0 17,f3g4 f6e4 d2c2 e4f2,"['f6e4', 'd2c2', 'e4f2']","{0: False, 1: False, 2: False, 3: False, 4: False, 5: True, 6: True, 7: True, 8: True, 9: True, 10: True, 11: True, 12: False, 13: True, 14: True, 15: True}"
069rS,895,1. c4 e5 2. Nc3 b6 3. Nf3 d6 4. e4 Bb7 5. d3 Nc6 6. Be3 Qd7 7. a3 g6 8. Nd5 f5 9. Bg5 Bg7 10. b4 h6 11. Be3 fxe4 12. dxe4 Nge7 13. Qd2 Nxd5 14. exd5 Ne7 15. Bd3 Nf5 16. Bxf5 gxf5 17. Nh4 f4 18. Ng6 fxe3 19. Qxe3 Rg8 20. f4 O-O-O 21. f5,Qxf5 Ne7+ Kb8 Nxf5,2kr2r1/pbpq2b1/1p1p2Np/3PpP2/1PP5/P3Q3/6PP/R3K2R b KQ - 0 21,d7f5 g6e7 c8b8 e7f5,"['g6e7', 'c8b8', 'e7f5']","{0: False, 1: False, 2: False, 3: False, 4: False, 5: True, 6: True, 7: True, 8: True, 9: True, 10: True, 11: True, 12: True, 13: True, 14: True, 15: True}"
06low,1135,1. e4 Nc6 2. d4 d5 3. e5 Bf5 4. Bd3 Nxd4 5. c3 Bxd3 6. cxd4 Bg6 7. h4 h6 8. h5 Bh7 9. Nc3 e6 10. Nf3,Bb4 Qa4+ Qd7 Qxb4,r2qkbnr/ppp2ppb/4p2p/3pP2P/3P4/2N2N2/PP3PP1/R1BQK2R b KQkq - 1 10,f8b4 d1a4 d8d7 a4b4,"['d1a4', 'd8d7', 'a4b4']","{0: False, 1: False, 2: False, 3: False, 4: False, 5: False, 6: False, 7: False, 8: True, 9: False, 10: True, 11: True, 12: True, 13: True, 14: True, 15: True}"
07YxS,1233,1. d4 Nf6 2. Bf4 e6 3. e3 b6 4. c3 Bb7 5. Nf3 d5 6. Bd3 Bd6 7. Ne5 O-O 8. Nd2 Nbd7 9. h4 Ne4 10. f3 Nxd2 11. Qxd2 f6 12. Nxd7 Qxd7 13. e4 dxe4 14. fxe4 e5 15. dxe5 fxe5 16. Bg5 Qg4 17. Be2 Qxe4 18. O-O-O Rf2 19. Bc4+ Qxc4 20. Qxf2 Qxa2 21. Rhf1 Qa1+ 22. Kc2 Qa4+ 23. Kc1 Be4 24. Qf7+ Kh8,Rxd6 Qc2#,r6k/p1p2Qpp/1p1b4/4p1B1/q3b2P/2P5/1P4P1/2KR1R2 w - - 8 25,d1d6 a4c2,['a4c2'],"{0: False, 1: False, 2: False, 3: False, 4: False, 5: False, 6: False, 7: False, 8: False, 9: False, 10: False, 11: False, 12: True, 13: True, 14: False, 15: True}"
07ZwS,1119,1. e4 e5 2. Nc3 d6 3. Nf3 h6 4. d4 exd4 5. Qxd4 Nc6 6. Qd1 Bg4 7. h3 Bxf3 8. Qxf3 Qf6 9. Qxf6 Nxf6 10. Bd3 Be7 11. Be3 Ne5 12. f4 Nc6 13. O-O-O O-O-O 14. Bb5 Nb8 15. Bd3 a6 16. a4 Nfd7 17. Nd5 Bh4 18. g3,Bxg3 Ne7#,1nkr3r/1ppn1pp1/p2p3p/3N4/P3PP1b/3BB1PP/1PP5/2KR3R b - - 0 18,h4g3 d5e7,['d5e7'],"{0: True, 1: False, 2: False, 3: False, 4: False, 5: False, 6: False, 7: False, 8: True, 9: True, 10: True, 11: False, 12: False, 13: False, 14: False, 15: True}"
07zIu,1098,1. c4 Nf6 2. Nc3 e6 3. a3 c5 4. g3 Nc6 5. Bg2 Be7 6. Nf3 Qc7 7. O-O a6 8. d4 d5 9. cxd5 exd5 10. dxc5 Bxc5 11. Nxd5 Nxd5 12. Qxd5 Be7 13. Bf4 Qd7 14. Qb3 O-O 15. Rad1 Qe6 16. Qc2 Bf6,Nd4 Nxd4 Rxd4 Bxd4,r1b2rk1/1p3ppp/p1n1qb2/8/5B2/P4NP1/1PQ1PPBP/3R1RK1 w - - 9 17,f3d4 c6d4 d1d4 f6d4,"['c6d4', 'd1d4', 'f6d4']","{0: False, 1: False, 2: False, 3: False, 4: False, 5: False, 6: True, 7: True, 8: True, 9: True, 10: True, 11: True, 12: True, 13: True, 14: True, 15: True}"
07zZk,1500,1. e4 e6 2. d4 d5 3. e5 c5 4. c3 Nc6 5. Nf3 Qb6 6. a3 cxd4 7. cxd4 Nge7 8. Bd3 Nf5 9. Bxf5 exf5 10. Nc3 Be6 11. O-O Be7 12. Na4 Qd8 13. Nc5 b6 14. Na6 Qc8 15. Qd3 Qb7 16. b4 O-O 17. Bb2 Rac8 18. Rac1 Rfd8 19. Rc3 Nb8 20. Nxb8 Qxb8 21. Rfc1 Rxc3 22. Rxc3 Rc8 23. h3 Rc4 24. Nd2 Rc7 25. Qc2 Rxc3 26. Qxc3 Qc8 27. Nb1 Bg5 28. a4 Qxc3 29. Bxc3 Bd7 30. a5 bxa5 31. bxa5 a6 32. Bb4 Bd8 33. Nc3 Bc6 34. Kh2 g6 35. Kg3 Kg7 36. h4 Kh6 37. Ne2,Bb5 Bf8+ Kh5 Nf4#,3b4/5p1p/p1b3pk/P2pPp2/1B1P3P/6K1/4NPP1/8 b - - 2 37,c6b5 b4f8 h6h5 e2f4,"['b4f8', 'h6h5', 'e2f4']","{0: False, 1: False, 2: False, 3: False, 4: False, 5: False, 6: False, 7: False, 8: False, 9: False, 10: False, 11: False, 12: False, 13: False, 14: False, 15: True}"
07zsM,488,1. d4 Nf6 2. c4 e6 3. Nc3 d5 4. Bg5 Be7 5. e3 c6 6. Nf3 O-O 7. Bd3 h6 8. Bh4 Nbd7 9. Qc2 Re8 10. O-O-O a6 11. Ne5 Nxe5 12. dxe5 Nd7 13. Bxe7 Qxe7 14. f4 b5 15. cxd5 cxd5 16. g4 Bb7 17. Rhg1 b4 18. g5 h5 19. g6 f5 20. Qe2 bxc3 21. Qxh5 Qb4 22. Qh7+ Kf8 23. Qh8+ Ke7 24. Qxg7+ Kd8 25. Rg2 d4 26. Rc2 Rc8 27. Kb1 Bd5 28. Bxf5 Qa4 29. b3 Bxb3 30. Rxd4 Bxa2+ 31. Kc1 Qa3+ 32. Kd1,Bb3 Qxd7#,2rkr3/3n2Q1/p3p1P1/4PB2/3R1P2/q1p1P3/b1R4P/3K4 b - - 3 32,a2b3 g7d7,['g7d7'],"{0: False, 1: True, 2: True, 3: True, 4: True, 5: True, 6: True, 7: True, 8: True, 9: True, 10: True, 11: True, 12: True, 13: True, 14: True, 15: True}"
080nh,1089,1. e4 e5 2. Nc3 Nc6 3. Bc4 Bc5 4. Qg4 Qf6 5. Nd5 Qxf2+ 6. Kd1 Bb6 7. Qxg7 Nd4 8. Nh3 Qh4 9. Qxh8 Kf8 10. Qxe5 Qg4+ 11. Ke1 Nxc2+,Kf1 Qd1#,r1b2kn1/pppp1p1p/1b6/3NQ3/2B1P1q1/7N/PPnP2PP/R1B1K2R w - - 0 12,e1f1 g4d1,['g4d1'],"{0: False, 1: False, 2: False, 3: False, 4: False, 5: False, 6: False, 7: False, 8: False, 9: False, 10: False, 11: True, 12: True, 13: True, 14: False, 15: True}"
086wp,1798,1. e3 e5 2. h3 d5 3. a3 Nc6 4. Bb5 Bd7 5. Bxc6 Bxc6 6. d3 Nf6 7. Nf3 Bd6 8. Nc3 O-O 9. O-O h6 10. Re1 e4 11. dxe4 dxe4 12. Nd4 Bd7 13. b4 c5 14. bxc5 Bxc5 15. Bb2 Qb6 16. Rb1 Rad8 17. Nce2 Nd5 18. c4 Ne7 19. Qc2 Rfe8 20. Qxe4 Nf5 21. Qc2 Nxd4 22. Bxd4 Qc6 23. Bxc5 Qxc5 24. Qc3 b6 25. Ng3 Bc6 26. Ra1 b5 27. Rec1 bxc4,Qxc4 Rd1+ Kh2 Qxc4 Rxc4 Rxa1,3rr1k1/p4pp1/2b4p/2q5/2p5/P1Q1P1NP/5PP1/R1R3K1 w - - 0 28,c3c4 d8d1 g1h2 c5c4 c1c4 d1a1,"['d8d1', 'g1h2', 'c5c4', 'c1c4', 'd1a1']","{0: False, 1: False, 2: False, 3: False, 4: False, 5: False, 6: False, 7: False, 8: False, 9: False, 10: False, 11: False, 12: False, 13: False, 14: False, 15: True}"
08HOd,2118,1. e4 e5 2. Nf3 Nc6 3. d4 exd4 4. Bc4 d6 5. Nxd4 Nf6 6. Nc3 Be7 7. Bg5 O-O 8. Nxc6 bxc6 9. O-O Bg4 10. Qd2 h6 11. Be3 Be6 12. Be2 a6 13. h3 Nh7 14. f4 f5 15. exf5 Bxf5 16. Bd3 Bxd3 17. Qxd3 Nf6 18. Qg6 d5 19. f5 Ne4 20. Bxh6 Bf6 21. Nxe4 dxe4 22. Rad1 Qe8 23. Qg3 Kh7 24. Be3 Rf7 25. Qg6+ Kg8 26. Qg3 Rd7 27. Rxd7 Qxd7 28. Rf4 Qd1+ 29. Kh2 Qxc2 30. Rg4 Rd8 31. Bh6,Rd7 Bxg7 Rxg7 Rxg7+ Bxg7 f6,3r2k1/2p3p1/p1p2b1B/5P2/4p1R1/6QP/PPq3PK/8 b - - 3 31,d8d7 h6g7 d7g7 g4g7 f6g7 f5f6,"['h6g7', 'd7g7', 'g4g7', 'f6g7', 'f5f6']","{0: False, 1: False, 2: False, 3: False, 4: True, 5: True, 6: True, 7: False, 8: False, 9: False, 10: False, 11: True, 12: True, 13: True, 14: True, 15: True}"
08rZN,1070,1. b4 e6 2. Bb2 Nf6 3. a3 d5 4. e3 b6 5. c4 Bb7 6. Nf3 Be7 7. Nc3 Nbd7 8. Be2 dxc4 9. Bxc4 O-O 10. O-O c5 11. bxc5 Rc8 12. Be2 Nxc5 13. d4 Nce4 14. Nxe4 Nxe4 15. Rc1 Qd7 16. Ne5 Qe8 17. Qd3 Bd6 18. Rxc8 Qxc8 19. Rc1 Qe8 20. Nc4 Bxh2+ 21. Kxh2 Nxf2 22. Qd2 Qb8+ 23. Kg1 Qg3 24. Bf3,Bxf3 Qxf2 Qxf2+ Kxf2,5rk1/pb3ppp/1p2p3/8/2NP4/P3PBq1/1B1Q1nP1/2R3K1 b - - 5 24,b7f3 d2f2 g3f2 g1f2,"['d2f2', 'g3f2', 'g1f2']","{0: False, 1: True, 2: True, 3: True, 4: False, 5: True, 6: True, 7: True, 8: True, 9: True, 10: True, 11: True, 12: True, 13: True, 14: True, 15: True}"
08y42,2199,1. e4 e5 2. Nf3 Nc6 3. Bc4 Nf6 4. Nc3 Bc5 5. d3 d6 6. Bg5 Bg4 7. h3 Bh5 8. Nd5 Nd4 9. g4 c6 10. Nxf6+ gxf6 11. Bh4 d5 12. Nxd4 dxc4 13. Nf5 Bg6 14. dxc4 Bxf5 15. gxf5 Qa5+ 16. c3 Be7 17. Qh5 Qa6 18. b3 Qa5 19. Kd2 O-O-O+ 20. Kc2 Qa3 21. Qxf7 Rhf8 22. Qh5 b5 23. cxb5 cxb5 24. Qe2 a6 25. Rhd1 b4,Rxd8+ Rxd8 c4 Bc5 Bxf6 Bd4,2kr1r2/4b2p/p4p2/4pP2/1p2P2B/qPP4P/P1K1QP2/R2R4 w - - 0 26,d1d8 f8d8 c3c4 e7c5 h4f6 c5d4,"['f8d8', 'c3c4', 'e7c5', 'h4f6', 'c5d4']","{0: False, 1: False, 2: False, 3: False, 4: False, 5: False, 6: False, 7: False, 8: False, 9: False, 10: False, 11: False, 12: False, 13: False, 14: False, 15: True}"
09DE4,1589,1. e4 c5 2. Nf3 Nc6 3. d4 cxd4 4. Nxd4 e5 5. Nxc6 bxc6 6. Bc4 Nf6 7. Nc3 Bb4 8. Bg5 h6 9. Bxf6 Qxf6 10. O-O Bxc3 11. bxc3 O-O 12. Qd2 Rd8 13. f4 Bb7 14. fxe5 Qxe5 15. Bxf7+ Kh8 16. Bg6 d5 17. Qf4 Qxc3 18. exd5 cxd5 19. Rab1 Qc6 20. Rf2 Ba6 21. Qf5 Bc4 22. Re1 d4 23. Re7 Qd6 24. Rb7 Rf8 25. Bf7 Rae8 26. g3,Bd5 Qxd5 Re1+ Kg2,4rr1k/pR3Bp1/3q3p/5Q2/2bp4/6P1/P1P2R1P/6K1 b - - 0 26,c4d5 f5d5 e8e1 g1g2,"['f5d5', 'e8e1', 'g1g2']","{0: False, 1: False, 2: False, 3: False, 4: True, 5: True, 6: True, 7: True, 8: True, 9: True, 10: True, 11: True, 12: True, 13: True, 14: True, 15: True}"
09M1j,1164,1. d4 Nf6 2. c4 c6 3. Nc3 d5 4. cxd5 cxd5 5. Bf4 Nc6 6. Rc1 e6 7. e3 Bd6 8. Bxd6 Qxd6 9. Bb5 O-O 10. Bxc6 bxc6 11. Nge2 Ba6 12. O-O Rab8 13. Na4 Ne4 14. b3 h6 15. f3 Nf6 16. Rc2 e5 17. Nc5 Bc8 18. dxe5 Qxe5 19. Qc1 Re8 20. Rc3 Nh5 21. Nd4 Qd6 22. Na4 Bd7 23. Nxc6 Bxc6 24. Rxc6 Qe5 25. Re1 d4 26. e4 Nf4 27. Nb2 Rbd8 28. Rc2 d3 29. Rd2 Ne2+ 30. Rexe2 dxe2 31. Rxe2 Rc8 32. Nc4 Qd4+ 33. Kf1 Qd3 34. Ke1 Red8 35. Rd2 Qxd2+ 36. Qxd2 Rxd2 37. Kxd2 Rd8+ 38. Kc2 g5 39. b4 Rc8 40. Kc3 Kg7 41. a4 h5 42. b5 Kg6 43. Kb4 f6 44. a5 g4 45. b6 axb6 46. axb6 Kg5 47. Kb5 gxf3 48. gxf3 Kf4 49. Nd2 Ke3 50. Nc4+ Kxf3 51. b7 Rb8 52. Nd6 Rxb7+ 53. Nxb7 Kxe4 54. Kc4 f5 55. Nc5+ Ke3 56. Kd5 f4 57. Ke5 f3 58. Ne4 f2 59. Nxf2 Kxf2 60. Kf5 h4 61. Kg4,Kg2 h3 Kf2 Kxh4 Kf3 Kg5,8/8/8/8/6Kp/8/5k1P/8 b - - 1 61,f2g2 h2h3 g2f2 g4h4 f2f3 h4g5,"['h2h3', 'g2f2', 'g4h4', 'f2f3', 'h4g5']","{0: False, 1: False, 2: False, 3: False, 4: False, 5: False, 6: False, 7: False, 8: False, 9: False, 10: False, 11: False, 12: True, 13: True, 14: True, 15: True}"
09Sj8,1038,1. Nc3 d5 2. d4 e6 3. Nf3 c5 4. e3 Nc6 5. dxc5 Nf6 6. Bb5 Bxc5 7. Bxc6+ bxc6 8. O-O h6 9. Ne5 Bb7 10. Ne2 O-O 11. c4 Nd7 12. Nxd7 Qxd7 13. cxd5 cxd5 14. Bd2 Rab8 15. Bc3 Ba6 16. Re1 Bb4 17. Bxb4 Rxb4 18. b3 Rc8 19. Rc1 Bxe2 20. Rxe2 a5 21. Rec2 Rxc2 22. Rxc2 g6 23. Qc1 Rb8 24. Rc5 Qa7 25. Rc7 Qb6 26. h3 a4 27. bxa4 Qb4 28. Ra7 Kg7 29. Qc7 Rf8 30. Qe5+ Kg8 31. Kh2 Qb1 32. a3 Qb3 33. Qd6 Qb2 34. Kg3 h5 35. Qb4 Qe5+ 36. Qf4 Qc3 37. Qb4 Qe5+ 38. Kf3 Qf5+ 39. Ke2 Qc2+ 40. Qd2 Qc4+ 41. Qd3 Qa2+ 42. Kf3 e5 43. Qc3 Re8 44. a5 g5 45. Qc7 e4+ 46. Kg3 h4+ 47. Kg4 Qxf2 48. Kxg5 f6+ 49. Kg6 Qxg2+,Kh6 Qg5#,4r1k1/R1Q5/5pK1/P2p4/4p2p/P3P2P/6q1/8 w - - 0 50,g6h6 g2g5,['g2g5'],"{0: False, 1: False, 2: False, 3: False, 4: False, 5: False, 6: False, 7: True, 8: True, 9: True, 10: True, 11: True, 12: True, 13: True, 14: True, 15: True}"
09ULx,1060,1. e4 d6 2. Nf3 Nf6 3. Bc4 Nxe4 4. O-O d5 5. Bb5+ c6 6. Bd3 Bg4 7. Re1 e6 8. Bxe4 dxe4 9. Rxe4 Bf5 10. Rd4 Nd7 11. d3 Bc5 12. Rc4 O-O 13. d4 b5 14. Rc3 Bb4 15. Re3 a5 16. c3 Bd6 17. Nbd2 Qc7 18. Nf1 Bg4 19. Ng3 Nf6 20. h3 Bxf3 21. Rxf3 Nd5 22. Qe2 Rae8 23. Bd2 e5 24. Qd1 exd4 25. cxd4 g6 26. Bh6 a4 27. Bxf8 Bxf8 28. Qc2 Qd6 29. Qd3 Nb4 30. Qd2 Bg7 31. a3 Nd5 32. Rd1 f5 33. Ne2 Kf7 34. Nf4 Bh6 35. g3 Bxf4 36. gxf4 Re4 37. Re1 Qe6 38. Rxe4 fxe4 39. Rg3 Qf5 40. Rg4 h5 41. Rg5 Qxf4 42. Qxf4+ Nxf4,h4 Nh3+ Kf1 Nxg5,8/5k2/2p3p1/1p4Rp/p2Ppn2/P6P/1P3P2/6K1 w - - 0 43,h3h4 f4h3 g1f1 h3g5,"['f4h3', 'g1f1', 'h3g5']","{0: False, 1: False, 2: False, 3: False, 4: False, 5: False, 6: False, 7: True, 8: False, 9: True, 10: True, 11: True, 12: False, 13: True, 14: True, 15: True}"
09ol7,1700,1. d4 d5 2. Nf3 c6 3. c4 Nf6 4. Qc2 e6 5. Bg5 Be7 6. e3 Nbd7 7. Nc3 O-O 8. a3 a6 9. Rd1 dxc4 10. Bxc4 b5 11. Ba2 c5 12. Bb1 cxd4 13. Rxd4 g6 14. O-O Bb7 15. Ne5 Qe8 16. Nxd7 Nxd7 17. Bh6 Bf6 18. Rd2 Bg7 19. Bxg7 Kxg7 20. Rfd1 Nf6 21. Qd3 Qe7 22. Qd4 Kg8 23. Qh4 Rad8 24. h3 Rxd2 25. Rxd2 Rd8 26. Rd4 Rxd4 27. Qxd4 Nd5 28. Ne4 Qc7,Nc5 e5 Qe4 Qxc5,6k1/1bq2p1p/p3p1p1/1p1n4/3QN3/P3P2P/1P3PP1/1B4K1 w - - 3 29,e4c5 e6e5 d4e4 c7c5,"['e6e5', 'd4e4', 'c7c5']","{0: False, 1: False, 2: False, 3: False, 4: False, 5: False, 6: False, 7: False, 8: False, 9: False, 10: False, 11: False, 12: False, 13: True, 14: True, 15: True}"
09vsw,2372,1. e4 c5 2. Nf3 d6 3. Bb5+ Nd7 4. O-O a6 5. Bc4 Ngf6 6. Re1 g6 7. d4 cxd4 8. Nxd4 Bg7 9. Nc3 O-O 10. Bg5 h6 11. Bxf6 Nxf6 12. a3 b5 13. Bd5 Nxd5 14. exd5 Bb7 15. Nc6 Bxc6 16. dxc6 e6 17. Qf3 Qc7 18. Rad1 d5 19. Ne2 Qxc6 20. c3 Rfd8 21. Nd4 Bxd4 22. Rxd4 Ra7 23. Qf6 Qd7 24. Rg4 Kh7 25. Re3 Qe7 26. Qd4 Rc7 27. b3 Qxa3 28. h4 Qxb3 29. h5,Rc4 hxg6+ fxg6 Qa7+ Kh8 Rh3 Qd1+ Kh2 Rxg4 Rxh6+,3r4/2r2p1k/p3p1pp/1p1p3P/3Q2R1/1qP1R3/5PP1/6K1 b - - 0 29,c7c4 h5g6 f7g6 d4a7 h7h8 e3h3 b3d1 g1h2 c4g4 h3h6,"['h5g6', 'f7g6', 'd4a7', 'h7h8', 'e3h3', 'b3d1', 'g1h2', 'c4g4', 'h3h6']","{0: False, 1: False, 2: False, 3: False, 4: False, 5: False, 6: False, 7: False, 8: False, 9: False, 10: False, 11: False, 12: False, 13: False, 14: False, 15: True}"
09yh3,997,1. e4 c5 2. Nf3 g6 3. Nc3 Bg7 4. Bc4 Nc6 5. d3 e6 6. O-O Nge7 7. h3 h6 8. Re1 O-O 9. a3 d5 10. exd5 exd5 11. Ba2 Rb8 12. Rb1 b5 13. Bf4 Rb7 14. Qd2 b4 15. Na4 Qa5 16. Bb3 c4 17. dxc4 dxc4 18. axb4 Qxb4 19. Qxb4 Rxb4 20. Bd2 cxb3 21. Bxb4 bxc2 22. Rbc1 Nxb4 23. Rxe7 Bf5 24. Ne1 Rc8 25. Nc3 Bxc3 26. bxc3 Rxc3 27. Rxa7 Rb3 28. Nxc2 Nxc2 29. Ra4 Nb4 30. Ra8+ Kg7 31. Rb8 Nd3 32. Rxb3 Nxc1 33. Ra3 Ne2+ 34. Kh2 Nd4 35. g4 Be6 36. Kg3 Nc6 37. Ra8 Ne7 38. f3 g5 39. Ra5 Ng6 40. Ra4 Nh4 41. f4 Bd7 42. Ra5 Ng6 43. fxg5 hxg5 44. Rxg5 Kf6 45. Ra5 Kg7 46. h4 Bc6 47. h5 Ne7 48. Kf4 Bd5 49. Ke5 Be6,g5 Nc6+ Ke4 Nxa5,8/4npk1/4b3/R3K2P/6P1/8/8/8 w - - 5 50,g4g5 e7c6 e5e4 c6a5,"['e7c6', 'e5e4', 'c6a5']","{0: False, 1: False, 2: False, 3: False, 4: False, 5: True, 6: True, 7: True, 8: True, 9: True, 10: True, 11: True, 12: True, 13: True, 14: True, 15: True}"
0A1eV,1235,1. e4 e5 2. Nf3 Nc6 3. Bc4 Bc5 4. b4 Bxb4 5. c3 Ba5 6. d4 exd4 7. O-O Nge7 8. Qb3 O-O 9. cxd4 Bb6 10. Bd2 d6 11. Nc3 Nxd4 12. Nxd4 Bxd4 13. Rad1 c5 14. Nd5 Nxd5 15. Bxd5 Be6 16. Bxe6 fxe6 17. Qxe6+ Kh8 18. Qb3 b6 19. Be3 Be5 20. f4 Bd4 21. Bxd4 cxd4 22. Rxd4 Qh4 23. Qf3 Rad8 24. g3 Qf6 25. e5 dxe5 26. Rxd8 Rxd8 27. fxe5 Qxf3 28. Rxf3 Rd1+ 29. Kg2 g6 30. Re3 Kg8 31. Kf3 Kf7 32. g4 Ke6 33. h4 Rd5 34. Kf4 h6 35. g5 h5 36. a4 Rd4+ 37. Re4 Rd1 38. Ke3 Re1+ 39. Kd4 Rxe4+ 40. Kxe4 a6 41. Kd4 b5,axb5 axb5 Ke4 b4 Kd4 b3 Kc3 Kxe5,8/8/p3k1p1/1p2P1Pp/P2K3P/8/8/8 w - - 0 42,a4b5 a6b5 d4e4 b5b4 e4d4 b4b3 d4c3 e6e5,"['a6b5', 'd4e4', 'b5b4', 'e4d4', 'b4b3', 'd4c3', 'e6e5']","{0: False, 1: False, 2: False, 3: False, 4: False, 5: True, 6: True, 7: True, 8: False, 9: False, 10: True, 11: False, 12: True, 13: True, 14: True, 15: True}"
0AGbN,1878,1. d4 Nf6 2. c4 g6 3. Nc3 Bg7 4. e4 O-O 5. h3 c5 6. Nf3 cxd4 7. Nxd4 Nc6 8. Be3 d6 9. Be2 Bd7 10. O-O Nxd4 11. Bxd4 Bc6 12. Qc2 a5 13. Rfd1 Nd7 14. Be3 a4 15. Rab1 Qa5 16. Bf1 Nc5 17. Nd5 Bxd5 18. exd5 Rfc8 19. Bd2 Qd8 20. Bc3 Bxc3 21. Qxc3 Qa5 22. Qe3 Rc7 23. Rd4 Re8 24. Rbd1 Qb4 25. Rh4 Qxb2 26. Rdd4 Nd7 27. Qh6 Nf6 28. Rdf4 Qd2 29. g4 b5 30. g5 Nh5 31. Rf3,bxc4 Rxh5 gxh5 Rxf7,4r1k1/2r1pp1p/3p2pQ/1p1P2Pn/p1P4R/5R1P/P2q1P2/5BK1 b - - 2 31,b5c4 h4h5 g6h5 f3f7,"['h4h5', 'g6h5', 'f3f7']","{0: False, 1: False, 2: False, 3: False, 4: False, 5: False, 6: False, 7: False, 8: False, 9: False, 10: False, 11: False, 12: False, 13: False, 14: False, 15: True}"
0AGc9,1344,1. d4 Nf6 2. c4 g6 3. Nc3 Bg7 4. a3 d6 5. h3 O-O 6. Nf3 Nc6 7. Bf4 Nh5 8. Bh2 e5 9. g4 exd4 10. gxh5 dxc3 11. hxg6 cxb2 12. gxh7+ Kxh7 13. Rb1 Bc3+ 14. Nd2,Qg5 Qc2+ Bf5 Qxc3,r1bq1r2/ppp2p1k/2np4/8/2P5/P1b4P/1p1NPP1B/1R1QKB1R b K - 3 14,d8g5 d1c2 c8f5 c2c3,"['d1c2', 'c8f5', 'c2c3']","{0: False, 1: False, 2: False, 3: False, 4: False, 5: False, 6: False, 7: False, 8: False, 9: False, 10: False, 11: False, 12: False, 13: False, 14: False, 15: True}"
